Date,Description,Amount
05/04/2026,NETFLIX.COM,-17.99
06/04/2026,NETFLIX.COM,-17.99
07/04/2026,NETFLIX.COM,-17.99
08/04/2026,NETFLIX.COM,-22.99
08/03/2026,SAFEWAY STORE 123,-86.40
08/05/2026,STARBUCKS STORE,-7.85
08/06/2026,SHELL OIL 1234,-48.21
08/07/2026,SPOTIFY USA,-11.99
07/07/2026,SPOTIFY USA,-11.99
06/07/2026,SPOTIFY USA,-11.99
08/10/2026,AMAZON MKTPLACE,-64.39
08/12/2026,DOORDASH,-31.48
08/15/2026,COX COMMUNICATIONS,-95.00
07/15/2026,COX COMMUNICATIONS,-80.00
06/15/2026,COX COMMUNICATIONS,-80.00
